Método,Error test 1,Error test 2,Error test 3,Error test 4,Error test 5,Error test 6,Error test 7,Error test 8,Error test 9,Error test 10,Error test 11,Error test 12,Error test 13,Error test 14,Error test 15
Algoritmo inicialización,0.17588948412370906,0.17875654823949128,0.18419165294584916,0.17503805769074474,0.09629487068340489,0.19059518504888087,0.19183625841162658,0.1722885027498988,0.1713092810998448,0.1827866390536342,0.16128499901538002,0.17872752239512982,0.16294055592022383,0.17542024363205286,0.1696798512522527
Aleatorio y Backpropagation,0.5609455010263698,0.5707365283791447,0.5725804752342845,0.5616272440892142,0.583148113324764,0.5785511965937034,0.5565355709071861,0.5772385348695276,0.567121454169333,0.5719411815876849,0.5505614965699921,0.5642441681468707,0.5626468232466384,0.5729852815973077,0.5587863261999214
