Método,Error entrenamiento 1,Error entrenamiento 2,Error entrenamiento 3,Error entrenamiento 4,Error entrenamiento 5,Error entrenamiento 6,Error entrenamiento 7,Error entrenamiento 8,Error entrenamiento 9,Error entrenamiento 10,Error entrenamiento 11,Error entrenamiento 12,Error entrenamiento 13,Error entrenamiento 14,Error entrenamiento 15
Algoritmo inicialización,0.016107598186897273,0.01647800254822801,0.01812791557178738,0.017257623459379933,0.009463949251387709,0.01624105112345739,0.021113342327476713,0.014894196938574605,0.01821770963547351,0.020107777634127626,0.01578579107969757,0.015557253101713107,0.01646829428915805,0.019227417163779854,0.018424196762073988
Aleatorio y Backpropagation,0.5816459121282251,0.570427576256533,0.5695056028289635,0.5749822184014982,0.5642217837837237,0.5665202421492537,0.5644598152096382,0.5671765730113418,0.5722351133614391,0.569825249652263,0.5608383911870397,0.5606055165897957,0.5744724288227865,0.5693031996474518,0.5633344375632706
