Método,Error test 1,Error test 2,Error test 3,Error test 4,Error test 5,Error test 6,Error test 7,Error test 8,Error test 10,Error test 11,Error test 12,Error test 13,Error test 14,Error test 15
Algoritmo inicialización,0.14361363458933019,0.1952868584354336,0.19220472899724,0.1683389995480742,0.17856461481713004,0.18612887734459227,0.16982422340560807,0.17355884392866447,0.18579240234309696,0.18141534372568374,0.18306141211376106,0.18552791255717482,0.1858214128182375,0.18086872040674148
Aleatorio y Backpropagation,0.5643861584141527,0.5706002212630735,0.5627847152119381,0.5547920898577808,0.5900153578318377,0.5850165458413752,0.57552149138583,0.5649537672085084,0.5731462593997264,0.5873367827885083,0.5615564715664186,0.5707561662910786,0.5851120099243574,0.5605842055883449
