Método,Tiempo 1,Tiempo 2,Tiempo 3,Tiempo 4,Tiempo 5,Tiempo 6,Tiempo 7,Tiempo 8,Tiempo 9,Tiempo 10,Tiempo 11,Tiempo 12,Tiempo 13,Tiempo 14,Tiempo 15
Algoritmo inicialización,0.280130667,0.031966917,0.029628,0.029863333,0.030343125,0.028553916,0.03003475,0.029669458,0.029901208,0.030641167,0.031136792,0.037132541,0.031221875,0.030699292,0.031155541
Aleatorio y Backpropagation,5.366532833,5.172576834,5.177351333999999,5.186061585,5.173411708,5.177390875,5.1838067500000005,5.1901663749999996,4.33286925,5.211625875,5.234351875,5.2140365829999995,5.210080457,5.2404547909999994,5.231090040999999
